,group,child,parent
0,10002950_1,Graph theory,Discrete mathematics
1,10002950_1,Matroids and greedoids,Discrete mathematics
2,10002950_1,Combinatorics,Discrete mathematics
3,10002950_1,Approximation algorithms,Discrete mathematics
4,10002950_1,Combinatoric problems,Discrete mathematics
5,10002950_1,Graph algorithms,Graph theory
6,10002950_1,Network flows,Graph theory
7,10002950_1,Extremal graph theory,Graph theory
8,10002950_1,Random graphs,Graph theory
9,10002950_1,Graph enumeration,Graph theory
10,10002950_1,Spectra of graphs,Graph theory
11,10002950_1,Matchings and factors,Graph theory
12,10002950_1,Paths and connectivity problems,Graph theory
13,10002950_1,Graph coloring,Graph theory
14,10002950_1,Hypergraphs,Graph theory
15,10002950_1,Trees,Graph theory
16,10002950_1,Graphs and surfaces,Graph theory
17,10002950_1,Combinatorial algorithms,Combinatorics
18,10002950_1,Combinatorics on words,Combinatorics
19,10002950_1,Generating functions,Combinatorics
20,10002950_1,Permutations and combinations,Combinatorics
21,10002950_1,Combinatorial optimization,Combinatorics
22,10002950_1,Enumeration,Combinatorics
23,10002950_4,Convex optimization,Mathematical optimization
24,10002950_4,Nonconvex optimization,Mathematical optimization
25,10002950_4,Discrete optimization,Mathematical optimization
26,10002950_4,Continuous optimization,Mathematical optimization
27,10002950_4,Linear programming,Convex optimization
28,10002950_4,Quadratic programming,Convex optimization
29,10002950_4,Semidefinite programming,Convex optimization
30,10002950_4,Integer programming,Discrete optimization
31,10002950_4,Mixed discrete-continuous optimization,Mathematical optimization
32,10002950_4,Stochastic control and optimization,Mathematical optimization
33,10002950_4,Evolutionary algorithms,Optimization with randomized search heuristics
34,10002950_4,Genetic programming,Evolutionary algorithms
35,10002950_4,Tabu search,Discrete optimization
36,10002950_4,Simulated annealing,Optimization with randomized search heuristics
37,10002950_4,Functional analysis,Mathematical foundations
38,10002950_4,Differential calculus,Mathematical foundations
39,10002950_4,Integral calculus,Mathematical foundations
40,10002950_4,Ordinary differential equations,Mathematical foundations
41,10002950_4,Partial differential equations,Mathematical foundations
42,10002950_4,Differential algebraic equations,Mathematical foundations
43,10002950_4,Numerical analysis,Computational methods
44,10002950_4,Numerical differentiation,Numerical analysis
45,10002950_4,Automatic differentiation,Numerical analysis
46,10002950_4,Interval arithmetic,Computational methods
47,10002950_4,Arbitrary-precision arithmetic,Computational methods
48,10002950_4,Bio-inspired optimization,Optimization with randomized search heuristics
49,10002950_4,Mesh generation,Specialized areas
50,10002950_4,Quadrature,Specialized areas
51,10002950_4,Interpolation,Specialized areas
52,10002950_4,Gr√∂bner bases and other special bases,Other topics
53,10002950_4,Computations on polynomials,Other topics
54,10002950_4,Computations in finite fields,Other topics
55,10002950_4,Lambda calculus,Other topics
56,10002950_5,Calculus,Continuous mathematics
57,10002950_5,Topology,Continuous mathematics
58,10002950_5,Geometric topology,Topology
59,10002950_5,Point-set topology,Topology
60,10002950_5,Algebraic topology,Topology
61,10002950_5,Continuous functions,Continuous mathematics
62,10002951_3,Data warehouses,Enterprise information systems
63,10002951_3,Data streaming,Enterprise information systems
64,10002951_3,Data stream mining,Enterprise information systems
65,10002951_3,Online analytical processing,Enterprise information systems
66,10002951_3,Data mining,Enterprise information systems
67,10002951_3,Data analytics,Enterprise information systems
68,10002951_3,Data cleaning,Enterprise information systems
69,10002951_3,Association rules,Enterprise information systems
70,10002951_3,Geographic information systems,Enterprise information systems
71,10002951_3,Global positioning systems,Enterprise information systems
72,10002951_3,Location based services,Enterprise information systems
73,10002951_3,Spatial-temporal systems,Enterprise information systems
74,10002951_3,Collaborative and social computing systems and tools,Enterprise information systems
75,10002951_3,Social networking sites,Enterprise information systems
76,10002951_3,Wikis,Enterprise information systems
77,10002951_3,Blogs,Enterprise information systems
78,10002951_3,Massively multiplayer online games,Enterprise information systems
79,10002951_3,Social tagging systems,Enterprise information systems
80,10002951_3,Collaborative filtering,Enterprise information systems
81,10002951_3,Asynchronous editors,Enterprise information systems
82,10002951_3,Synchronous editors,Enterprise information systems
83,10002951_3,Expert systems,Enterprise information systems
84,10002951_3,Decision support systems,Enterprise information systems
85,10002951_3,Multimedia information systems,Enterprise information systems
86,10002951_3,Multimedia databases,Enterprise information systems
87,10002951_3,Multimedia streaming,Enterprise information systems
88,10002951_3,Multimedia content creation,Enterprise information systems
89,10002951_3,Computing platforms,Enterprise information systems
90,10002951_3,Intranets,Enterprise information systems
91,10002951_3,Extranets,Enterprise information systems
92,10002951_3,Data centers,Enterprise information systems
93,10002951_3,Sensor networks,Enterprise information systems
94,10002951_3,Process control systems,Enterprise information systems
95,10002951_3,Reputation systems,Enterprise information systems
96,10002951_3,Enterprise resource planning,Enterprise information systems
97,10002951_3,Enterprise applications,Enterprise information systems
98,10002951_3,Open source software,Enterprise information systems
99,10002951_3,Digital libraries and archives,Enterprise information systems
100,10002951_3,Nearest-neighbor search,Enterprise information systems
101,10002951_3,Clustering,Enterprise information systems
102,10002951_3,Computational advertising,Enterprise information systems
103,10002951_3,Mobile information processing systems,Enterprise information systems
104,10002978_1,Mathematical foundations of cryptography,Cryptography
105,10002978_1,Symmetric cryptography and hash functions,Cryptography
106,10002978_1,Block and stream ciphers,Symmetric cryptography and hash functions
107,10002978_1,Hash functions and message authentication codes,Symmetric cryptography and hash functions
108,10002978_1,Public key encryption,Cryptography
109,10002978_1,Public key (asymmetric) techniques,Public key encryption
110,10002978_1,Digital signatures,Public key encryption
111,10002978_1,Key management,Cryptography
112,10002978_1,Cryptanalysis and other attacks,Cryptography
113,10002978_1,Information-theoretic techniques,Cryptography
114,10002978_10,Social aspects of security and privacy,Human and societal aspects of security and privacy
115,10002978_10,Usability in security and privacy,Human and societal aspects of security and privacy
116,10002978_10,Economics of security and privacy,Human and societal aspects of security and privacy
117,10002978_10,Privacy protections,Human and societal aspects of security and privacy
118,10002978_2,Formal security models,Formal methods and theory of security
119,10002978_2,Logic and verification,Formal methods and theory of security
120,10002978_2,Trust frameworks,Formal methods and theory of security
121,10002978_2,Security requirements,Formal methods and theory of security
122,10002978_3,Access control,Security services
123,10002978_3,Authorization,Access control
124,10002978_3,Authentication,Access control
125,10002978_3,Graphical / visual passwords,Authentication
126,10002978_3,Biometrics,Authentication
127,10002978_3,Multi-factor authentication,Authentication
128,10002978_3,Digital rights management,Security services
129,10002978_3,Privacy-preserving protocols,Security services
130,10002978_3,"Pseudonymity, anonymity and untraceability",Privacy-preserving protocols
131,10002978_4,Intrusion detection systems,Intrusion/anomaly detection and malware mitigation
132,10002978_4,Malware and its mitigation,Intrusion/anomaly detection and malware mitigation
133,10002978_4,Social engineering attacks,Intrusion/anomaly detection and malware mitigation
134,10002978_4,Spoofing attacks,Social engineering attacks
135,10002978_4,Phishing,Social engineering attacks
136,10002978_4,Artificial immune systems,Intrusion/anomaly detection and malware mitigation
137,10002978_5,Hardware security implementation,Security in hardware
138,10002978_5,Embedded systems security,Security in hardware
139,10002978_5,Tamper-proof and tamper-resistant designs,Security in hardware
140,10002978_5,Hardware attacks and countermeasures,Security in hardware
141,10002978_5,Malicious design modifications,Hardware attacks and countermeasures
142,10002978_5,Side-channel analysis and countermeasures,Hardware attacks and countermeasures
143,10002978_5,Hardware reverse engineering,Security in hardware
144,10002978_5,Hardware-based security protocols,Security in hardware
145,10002978_6,Operating systems security,Systems security
146,10002978_6,Browser security,Systems security
147,10002978_6,Mobile platform security,Systems security
148,10002978_6,File system security,Systems security
149,10002978_6,Distributed systems security,Systems security
150,10002978_6,Virtualization and security,Systems security
151,10002978_6,Information flow control,Systems security
152,10002978_6,Trusted computing,Systems security
153,10002978_6,Penetration testing,Systems security
154,10002978_6,Vulnerability management,Systems security
155,10002978_6,Vulnerability scanners,Vulnerability management
156,10002978_6,Firewalls,Systems security
157,10002978_6,Denial-of-service attacks,Systems security
158,10002978_8,Database activity monitoring,Database and storage security
159,10002978_8,Management and querying of encrypted data,Database and storage security
160,10002978_8,Information accountability and usage control,Database and storage security
161,10002978_8,Data anonymization and sanitization,Database and storage security
162,10002978_9,Software security engineering,Software and application security
163,10002978_9,Software reverse engineering,Software and application security
164,10002978_9,Web application security,Software and application security
165,10002978_9,Social network security and privacy,Software and application security
166,10002978_9,Domain-specific security and privacy architectures,Software and application security
167,10003033_1,Layering,Network architectures
168,10003033_1,Naming and addressing,Network architectures
169,10003033_1,Programming interfaces,Network architectures
170,10003033_1,Network design principles,Network architectures
171,10003033_2,Network protocol design,Network protocols
172,10003033_2,Formal specifications,Network protocol design
173,10003033_2,Protocol testing and verification,Network protocol design
174,10003033_2,Protocol correctness,Network protocol design
175,10003033_2,Link-layer protocols,Network protocols
176,10003033_2,Network layer protocols,Network protocols
177,10003033_2,Transport protocols,Network protocols
178,10003033_2,Session protocols,Network protocols
179,10003033_2,Presentation protocols,Network protocols
180,10003033_2,Application layer protocols,Network protocols
181,10003033_2,Routing protocols,Network protocols
182,10003033_2,Time synchronization protocols,Network protocols
183,10003033_2,Signaling protocols,Network protocols
184,10003033_2,OAM protocols,Network protocols
185,10003033_2,Peer-to-peer protocols,Network protocols
186,10003033_2,Cross-layer protocols,Network protocols
187,10003033_2,Network File System (NFS) protocol,Application layer protocols
188,10003033_2,Network policy,Network protocols
189,10003033_3,Network domains,Network components
190,10003033_3,Physical links,Network components
191,10003033_3,Logical nodes,Network components
192,10003033_3,Intermediate nodes,Network components
193,10003033_3,Routers,Intermediate nodes
194,10003033_3,Bridges and switches,Intermediate nodes
195,10003033_3,Repeaters,Intermediate nodes
196,10003033_3,End nodes,Network components
197,10003033_3,Network adapters,End nodes
198,10003033_3,End nodes,End nodes
199,10003033_3,Network servers,Network components
200,10003033_3,"Wireless access points, base stations and infrastructure",Network components
201,10003033_3,Middle boxes / network appliances,Network components
202,10003033_3,Cognitive radios,Network components
203,10003033_4,Network control algorithms,Network algorithms
204,10003033_4,Control path algorithms,Network control algorithms
205,10003033_4,Data path algorithms,Network control algorithms
206,10003033_4,Network design and planning algorithms,Network control algorithms
207,10003033_4,Traffic engineering algorithms,Network design and planning algorithms
208,10003033_4,Network resources allocation,Network control algorithms
209,10003033_4,Packet scheduling,Network resources allocation
210,10003033_4,Packet classification,Network resources allocation
211,10003033_4,Deep packet inspection,Packet classification
212,10003033_4,Network economics,Network algorithms
213,10003033_5,Network performance analysis,Network performance evaluation
214,10003033_5,Network performance modeling,Network performance evaluation
215,10003033_5,Network measurement,Network performance evaluation
216,10003033_5,Network simulations,Network performance modeling
217,10003033_5,Network experimentation,Network performance modeling
218,10003033_6,Network topology types,Network structure
219,10003033_6,Physical topologies,Network topology types
220,10003033_6,Logical / virtual topologies,Network topology types
221,10003033_6,Bus networks,Physical topologies
222,10003033_6,Star networks,Physical topologies
223,10003033_6,Ring networks,Physical topologies
224,10003033_6,Point-to-point networks,Physical topologies
225,10003033_6,Mesh networks,Physical topologies
226,10003033_6,Wireless mesh networks,Mesh networks
227,10003033_6,Token ring networks,Physical topologies
228,10003033_6,Hybrid networks,Network topology types
229,10003033_6,Metropolitan area networks,Network structure
230,10003033_6,Local area networks,Network structure
231,10003033_6,Wide area networks,Network structure
232,10003033_6,Very long-range networks,Network structure
233,10003033_6,Short-range networks,Network structure
234,10003033_6,Fiber distributed data interface (FDDI),Metropolitan area networks
235,10003033_6,Network reliability,Network structure
236,10003033_6,Network manageability,Network structure
237,10003033_6,Network privacy and anonymity,Network structure
238,10003033_6,Network security,Network structure
239,10003033_6,Network dynamics,Network structure
240,10003033_6,Network mobility,Network structure
241,10003033_6,Topology analysis and generation,Network structure
242,10003033_6,Error detection and error correction,Network reliability
243,10003033_6,Network properties,Network structure
244,10003033_7,Naming and addressing,Network services
245,10003033_7,Network management,Network services
246,10003033_7,Programmable networks,Network services
247,10003033_7,In-network processing,Network services
248,10003033_7,Cloud computing,Network services
249,10003033_7,Location-based services,Network services
250,10003033_7,Network monitoring,Network management
251,10003033_8,Overlay and other logical network structures,Network types
252,10003033_8,Packet-switching networks,Network types
253,10003033_8,Wireless access networks,Network types
254,10003033_8,Wired access networks,Network types
255,10003033_8,Wireless local area networks,Wireless access networks
256,10003033_8,Wireless personal area networks,Wireless access networks
257,10003033_8,Home networks,Wireless local area networks
258,10003033_8,Public Internet,Network types
259,10003033_8,World Wide Web (network structure),Network types
260,10003033_8,Sensor networks,Network types
261,10003033_8,Storage area networks,Network types
262,10003033_8,Mobile ad hoc networks,Overlay and other logical network structures and Network types
263,10003033_8,Ad hoc networks,Overlay and other logical network structures and Network types
264,10003033_8,Peer-to-peer networks,Network types
265,10003033_8,Data center networks,Network types
266,10003033_8,Cyber-physical networks,Network types
267,10003033_8,Network on chip,Network types
268,10003033_8,Mobile networks,Network types
269,10003033_8,Online social networks,Network types
270,10003033_8,Social media networks,Online social networks
271,10003120_1,HCI design and evaluation methods,Human Computer Interaction
272,10003120_1,User studies,HCI design and evaluation methods
273,10003120_1,Laboratory experiments,HCI design and evaluation methods
274,10003120_1,Field studies,HCI design and evaluation methods
275,10003120_1,Walkthrough evaluations,HCI design and evaluation methods
276,10003120_1,Heuristic evaluations,HCI design and evaluation methods
277,10003120_1,Usability testing,HCI design and evaluation methods
278,10003120_1,Empirical studies in HCI,HCI design and evaluation methods
279,10003120_1,Interaction techniques,Human Computer Interaction
280,10003120_1,Interaction devices,Interaction techniques
281,10003120_1,Pointing devices,Interaction techniques
282,10003120_1,Haptic devices,Interaction techniques
283,10003120_1,Graphics input devices,Interaction techniques
284,10003120_1,Keyboards,Interaction techniques
285,10003120_1,Touch screens,Interaction techniques
286,10003120_1,Gestural input,Interaction techniques
287,10003120_1,Sound-based input / output,Interaction techniques
288,10003120_1,Natural language interfaces,Interaction techniques
289,10003120_1,Interaction paradigms,Human Computer Interaction
290,10003120_1,User interface programming,Interaction paradigms
291,10003120_1,User interface toolkits,Interaction paradigms
292,10003120_1,User interface management systems,Interaction paradigms
293,10003120_1,Graphical user interfaces,Interaction paradigms
294,10003120_1,Command line interfaces,Interaction paradigms
295,10003120_1,Hypertext / hypermedia,Interaction paradigms
296,10003120_1,Mixed / augmented reality,Human Computer Interaction
297,10003120_1,Virtual reality,Human Computer Interaction
298,10003120_1,Collaborative interaction,Human Computer Interaction
299,10003120_1,User models,Human Computer Interaction
300,10003120_1,Auditory feedback,Human Computer Interaction
301,10003120_1,"HCI theory, concepts and models",Human Computer Interaction
302,10003120_1,Displays and imagers,Human Computer Interaction
303,10003120_1,Text input,Human Computer Interaction
304,10003120_1,Pointing,Human Computer Interaction
305,10003120_2,User centered design,Interaction design
306,10003120_2,"Interaction design theory, concepts and paradigms",Interaction design
307,10003120_2,User interface design,Interaction design
308,10003120_2,Wireframes,User interface design
309,10003120_2,Systems and tools for interaction design,Interaction design
310,10003120_2,Interface design prototyping,Interaction design
311,10003120_2,Participatory design,User centered design
312,10003120_2,Scenario-based design,User centered design
313,10003120_2,Activity centered design,User centered design
314,10003120_2,Contextual design,User centered design
315,10003120_2,Empirical studies in interaction design,Interaction design
316,10003120_2,Interaction design process and methods,Interaction design
317,10003120_3,Collaborative and social computing systems and tools,Collaborative and social computing
318,10003120_3,Collaborative and social computing design and evaluation methods,Collaborative and social computing
319,10003120_3,Collaborative and social computing devices,Collaborative and social computing
320,10003120_3,"Collaborative and social computing theory, concepts, and paradigms",Collaborative and social computing
321,10003120_3,Empirical studies in collaborative and social computing,Collaborative and social computing
322,10003120_3,Ethnographic studies,Empirical studies in collaborative and social computing
323,10003120_3,Social media,Collaborative and social computing
324,10003120_3,Social networks,Collaborative and social computing
325,10003120_3,Social network analysis,Social networks
326,10003120_3,Collaborative content creation,Collaborative and social computing
327,10003120_3,Social content sharing,Collaborative and social computing
328,10003120_3,Social recommendation,Collaborative and social computing
329,10003120_3,Collaborative filtering,Collaborative and social computing
330,10003120_3,Social navigation,Collaborative and social computing
331,10003120_3,Social tagging,Collaborative and social computing
332,10003120_3,Social engineering (social sciences),Collaborative and social computing
333,10003120_3,Computer supported cooperative work,Collaborative and social computing
334,10003120_4,Ubiquitous computing,Ubiquitous and mobile computing
335,10003120_4,Mobile computing,Ubiquitous and mobile computing
336,10003120_4,Ubiquitous and mobile devices,Mobile computing
337,10003120_4,Smartphones,Ubiquitous and mobile devices
338,10003120_4,Mobile phones,Ubiquitous and mobile devices
339,10003120_4,Tablet computers,Ubiquitous and mobile devices
340,10003120_4,E-book readers,Ubiquitous and mobile devices
341,10003120_4,Personal digital assistants,Ubiquitous and mobile devices
342,10003120_4,Handheld game consoles,Ubiquitous and mobile devices
343,10003120_4,Portable media players,Ubiquitous and mobile devices
344,10003120_4,Ubiquitous and mobile computing systems and tools,Ubiquitous and mobile computing
345,10003120_4,Interactive whiteboards,Ubiquitous and mobile computing systems and tools
346,10003120_4,Ubiquitous and mobile computing design and evaluation methods,Ubiquitous and mobile computing
347,10003120_4,Empirical studies in ubiquitous and mobile computing,Ubiquitous and mobile computing design and evaluation methods
348,10003120_4,"Ubiquitous and mobile computing theory, concepts and paradigms",Ubiquitous and mobile computing
349,10003120_4,Ambient intelligence,"Ubiquitous and mobile computing theory, concepts and paradigms"
350,10003120_5,"Visualization theory, concepts and paradigms",Visualization
351,10003120_5,Visualization techniques,Visualization
352,10003120_5,Visualization systems and tools,Visualization
353,10003120_5,Visualization application domains,Visualization
354,10003120_5,Graph drawings,Visualization techniques
355,10003120_5,Heat maps,Visualization techniques
356,10003120_5,Treemaps,Visualization techniques
357,10003120_5,Cladograms,Visualization techniques
358,10003120_5,Dendrograms,Visualization techniques
359,10003120_5,Hyperbolic trees,Visualization techniques
360,10003120_5,Geographic visualization,Visualization techniques
361,10003120_5,Information visualization,Visualization techniques
362,10003120_5,Scientific visualization,Visualization techniques
363,10003120_5,Visualization toolkits,Visualization systems and tools
364,10003120_5,Visual analytics,Visualization
365,10003120_5,Visualization design and evaluation methods,Visualization
366,10003120_5,Empirical studies in visualization,Visualization
367,10003120_6,"Accessibility theory, concepts and paradigms",Accessibility
368,10003120_6,Accessibility design and evaluation methods,Accessibility
369,10003120_6,Empirical studies in accessibility,Accessibility
370,10003120_6,Accessibility systems and tools,Accessibility
371,10003120_6,Accessibility technologies,Accessibility
372,10003456_3,Age,User characteristics
373,10003456_3,Children,Age
374,10003456_3,Adolescents,Age
375,10003456_3,Seniors,Age
376,10003456_3,Gender,User characteristics
377,10003456_3,Women,Gender
378,10003456_3,Men,Gender
379,10003456_3,People with disabilities,User characteristics
380,10003456_3,Cultural characteristics,User characteristics
381,10003456_3,Religious orientation,Cultural characteristics
382,10003456_3,Sexual orientation,Cultural characteristics
383,10003456_3,Race and ethnicity,Cultural characteristics
384,10003456_3,Geographic characteristics,User characteristics
385,10003752_1,Computability,Models of computation
386,10003752_1,Recursive functions,Computability
387,10003752_1,Lambda calculus,Computability
388,10003752_1,Turing machines,Computability
389,10003752_1,Abstract machines,Computability
390,10003752_1,Probabilistic computation,Models of computation
391,10003752_1,Quantum computation theory,Models of computation
392,10003752_1,Quantum complexity theory,Quantum computation theory
393,10003752_1,Quantum information theory,Quantum computation theory
394,10003752_1,Quantum communication complexity,Quantum computation theory
395,10003752_1,Quantum query complexity,Quantum computation theory
396,10003752_1,Interactive computation,Models of computation
397,10003752_1,Concurrency,Interactive computation
398,10003752_1,Process calculi,Interactive computation
399,10003752_1,Distributed computing models,Models of computation
400,10003752_1,Parallel computing models,Models of computation
401,10003752_1,Streaming models,Models of computation
402,10003752_1,Timed and hybrid models,Models of computation
403,10003752_2,Grammars and context-free languages,Formal languages and automata theory
404,10003752_2,Formalisms,Formal languages and automata theory
405,10003752_2,Regular languages,Formal languages and automata theory
406,10003752_2,Tree languages,Formal languages and automata theory
407,10003752_2,Algebraic language theory,Formal languages and automata theory
408,10003752_2,Automata over infinite objects,Formal languages and automata theory
409,10003752_2,Rewrite systems,Formal languages and automata theory
410,10003752_2,Transducers,Formal languages and automata theory
411,10003752_2,Quantitative automata,Formal languages and automata theory
412,10003752_2,Automata extensions,Formal languages and automata theory
413,10003752_3,Complexity classes,Complexity theory
414,10003752_3,Circuit complexity,Complexity classes
415,10003752_3,Algebraic complexity theory,Complexity classes
416,10003752_3,Quantum complexity theory,Complexity theory
417,10003752_3,Computational complexity and cryptography,Complexity theory
418,10003752_3,"Problems, reductions and completeness",Complexity theory
419,10003752_3,Oracles and decision trees,"Problems, reductions and completeness"
420,10003752_3,Communication complexity,Complexity theory
421,10003752_3,Interactive proof systems,Complexity theory
422,10003752_3,Complexity theory and logic,Complexity theory
423,10003752_3,Cryptographic primitives,Computational complexity and cryptography
424,10003752_3,Cryptographic protocols,Computational complexity and cryptography
425,10003752_3,Proof complexity,Computational complexity and cryptography
426,10003752_4,Logic and verification,Logic
427,10003752_4,Proof theory,Logic and verification
428,10003752_4,Type theory,Logic and verification
429,10003752_4,Hoare logic,Logic and verification
430,10003752_4,Description logics,Logic
431,10003752_4,Equational logic and rewriting,Logic
432,10003752_4,Modal and temporal logics,Logic
433,10003752_4,Higher order logic,Logic
434,10003752_4,Constructive mathematics,Logic
435,10003752_4,Linear logic,Logic
436,10003752_4,Programming logic,Logic
437,10003752_4,Finite Model Theory,Logic
438,10003752_4,Automated reasoning,Logic
439,10003752_4,Separation logic,Logic and verification
440,10003752_4,Constraint and logic programming,Logic and verification
441,10003752_4,Abstraction,Logic and verification
442,10003752_4,Verification by model checking,Logic and verification
443,10003752_6,Generating random combinatorial structures,"Randomness, geometry and discrete structures"
444,10003752_6,Random walks and Markov chains,"Randomness, geometry and discrete structures"
445,10003752_6,Computational geometry,"Randomness, geometry and discrete structures"
446,10003752_6,Random projections and metric embeddings,"Randomness, geometry and discrete structures"
447,10003752_6,Expander graphs and randomness extractors,"Randomness, geometry and discrete structures"
448,10003752_6,Error-correcting codes,"Randomness, geometry and discrete structures"
449,10003752_6,Random network models,"Randomness, geometry and discrete structures"
450,10003752_6,Random search heuristics,"Randomness, geometry and discrete structures"
451,10003752_6,Pseudorandomness and derandomization,"Randomness, geometry and discrete structures"
452,10003752_8,Denotational semantics,Semantics and reasoning
453,10003752_8,Operational semantics,Semantics and reasoning
454,10003752_8,Axiomatic semantics,Semantics and reasoning
455,10003752_8,Action semantics,Semantics and reasoning
456,10003752_8,Categorical semantics,Semantics and reasoning
457,10003752_8,Semantics and reasoning,Program semantics
458,10003752_8,Program verification,Program analysis
459,10003752_8,Assertions,Program analysis
460,10003752_8,Invariants,Program analysis
461,10003752_8,Pre- and post-conditions,Program analysis
462,10003752_8,Program analysis,Program semantics
463,10003752_8,Functional constructs,Program constructs
464,10003752_8,Object oriented constructs,Program constructs
465,10003752_8,Control primitives,Program constructs
466,10003752_8,Program schemes,Program constructs
467,10003752_8,Program constructs,Program semantics
468,10003752_8,Abstraction,Program semantics
469,10003752_8,Type structures,Program semantics
470,10003752_8,Algebraic semantics,Program semantics
471,10003752_8,Program specifications,Program semantics
472,10003752_8,Parsing,Program semantics
473,10003752_8,Program reasoning,Program semantics
474,10010147_1,Representation of mathematical objects,Symbolic and algebraic algorithms
475,10010147_1,Representation of exact numbers,Representation of mathematical objects
476,10010147_1,Representation of polynomials,Representation of mathematical objects
477,10010147_1,Representation of mathematical functions,Representation of mathematical objects
478,10010147_1,Special-purpose algebraic systems,Symbolic and algebraic algorithms
479,10010147_1,Computer algebra systems,Symbolic and algebraic algorithms
480,10010147_1,Symbolic calculus algorithms,Symbolic and algebraic algorithms
481,10010147_1,Discrete calculus algorithms,Symbolic and algebraic algorithms
482,10010147_1,Algebraic algorithms,Symbolic and algebraic algorithms
483,10010147_1,Combinatorial algorithms,Symbolic and algebraic algorithms
484,10010147_1,Number theory algorithms,Symbolic and algebraic algorithms
485,10010147_1,Boolean algebra algorithms,Symbolic and algebraic algorithms
486,10010147_1,Representation of Boolean functions,Boolean algebra algorithms
487,10010147_1,Theorem proving algorithms,Symbolic and algebraic algorithms
488,10010147_1,Equation and inequality solving algorithms,Symbolic and algebraic algorithms
489,10010147_1,Optimization algorithms,Symbolic and algebraic algorithms
490,10010147_1,Hybrid symbolic-numeric methods,Symbolic and algebraic algorithms
491,10010147_1,Linear algebra algorithms,Algebraic algorithms
492,10010147_1,Exact arithmetic algorithms,Algebraic algorithms
493,10010147_1,Nonalgebraic algorithms,Symbolic and algebraic algorithms
494,10010147_2,Parallel programming languages,Parallel computing methodologies
495,10010147_2,Parallel algorithms,Parallel computing methodologies
496,10010147_5,Simulation theory,Modeling and simulation
497,10010147_5,Simulation languages,Modeling and simulation
498,10010147_5,Modeling methodologies,Modeling and simulation
499,10010147_5,Simulation environments,Modeling and simulation
500,10010147_5,Simulation support systems,Modeling and simulation
501,10010147_5,Simulation types and techniques,Simulation theory
502,10010147_5,Discrete-event simulation,Simulation types and techniques
503,10010147_5,Continuous simulation,Simulation types and techniques
504,10010147_5,Real-time simulation,Simulation types and techniques
505,10010147_5,Interactive simulation,Simulation types and techniques
506,10010147_5,Distributed simulation,Simulation types and techniques
507,10010147_5,Massively parallel and high-performance simulations,Simulation types and techniques
508,10010147_5,Uncertainty quantification,Modeling methodologies
509,10010147_5,Data assimilation,Modeling methodologies
510,10010147_5,Model verification and validation,Modeling methodologies
511,10010147_5,Agent / discrete models,Modeling methodologies
512,10010147_5,Continuous models,Modeling methodologies
513,10010147_5,Multiscale systems,Modeling methodologies
514,10010147_5,Molecular simulation,Modeling methodologies
515,10010147_5,Quantum mechanic simulation,Modeling methodologies
516,10010147_5,Simulation evaluation,Simulation theory
517,10010147_5,Artificial life,Simulation theory
518,10010147_5,Network science,Modeling and simulation
519,10010147_5,Systems theory,Modeling and simulation
520,10010147_5,Model development and analysis,Modeling methodologies
521,10010147_5,Visual analytics,Simulation tools
522,10010147_5,Scientific visualization,Simulation tools
523,10010147_6,Graphics systems and interfaces,Computer graphics
524,10010147_6,Mesh models,Computer graphics
525,10010147_6,Mesh geometry models,Mesh models
526,10010147_6,Parametric curve and surface models,Computer graphics
527,10010147_6,Point-based models,Computer graphics
528,10010147_6,Volumetric models,Computer graphics
529,10010147_6,Animation,Computer graphics
530,10010147_6,Procedural animation,Animation
531,10010147_6,Motion capture,Animation
532,10010147_6,Physical simulation,Computer graphics
533,10010147_6,Collision detection,Physical simulation
534,10010147_6,Rendering,Computer graphics
535,10010147_6,Ray tracing,Rendering
536,10010147_6,Rasterization,Rendering
537,10010147_6,Non-photorealistic rendering,Rendering
538,10010147_6,Image-based rendering,Rendering
539,10010147_6,Image processing,Computer graphics
540,10010147_6,Image compression,Image processing
541,10010147_6,Image manipulation,Image processing
542,10010147_6,Computational photography,Image processing
543,10010147_6,Graphics processors,Computer graphics
544,10010147_6,Graphics file formats,Computer graphics
545,10010147_6,Graphics input devices,Computer graphics
546,10010147_6,Texturing,Computer graphics
547,10010147_6,Shape modeling,Computer graphics
548,10010147_6,Shape analysis,Computer graphics
549,10010147_6,Reflectance modeling,Computer graphics
550,10010147_6,Visibility,Computer graphics
551,10010147_6,Antialiasing,Computer graphics
552,10010147_6,Motion processing,Computer graphics
553,10010147_6,Virtual reality,Computer graphics
554,10010147_6,Mixed / augmented reality,Virtual reality
555,10010147_6,Perception,Computer graphics
556,10010147_8,Concurrent algorithms,Concurrent computing methodologies
557,10010147_8,Concurrent programming languages,Concurrent computing methodologies
558,10010405_10,E-learning,Education
559,10010405_10,Collaborative learning,E-learning
560,10010405_10,Interactive learning environments,E-learning
561,10010405_10,Learning management systems,E-learning
562,10010405_10,Computer-assisted instruction,E-learning
563,10010405_10,Computer-managed instruction,E-learning
564,10010405_10,Digital libraries and archives,Education
565,10010405_10,Distance learning,Education
566,10010405_11,Document preparation,Document management and text processing
567,10010405_11,Text editing,Document preparation
568,10010405_11,Annotation,Document preparation
569,10010405_11,Markup languages,Document preparation
570,10010405_11,Document scripting languages,Document preparation
571,10010405_11,Multi / mixed media creation,Document management and text processing
572,10010405_11,Image composition,Multi / mixed media creation
573,10010405_11,Graphics recognition and interpretation,Multi / mixed media creation
574,10010405_11,Document analysis,Document management and text processing
575,10010405_11,Optical character recognition,Document analysis
576,10010405_11,Online handwriting recognition,Document analysis
577,10010405_11,Document capture,Document management and text processing
578,10010405_11,Document scanning,Document capture
579,10010405_11,Hypertext / hypermedia creation,Document management and text processing
580,10010405_11,Document searching,Document management and text processing
581,10010405_11,Version control,Document management and text processing
582,10010405_11,Document metadata,Document management and text processing
583,10010405_11,Format and notation,Document management and text processing
584,10010405_2,Enterprise architecture frameworks,Enterprise architecture
585,10010405_2,Enterprise architecture management,Enterprise architecture
586,10010405_2,Enterprise modeling,Enterprise architecture
587,10010405_2,Enterprise architecture modeling,Enterprise modeling
588,10010405_2,Reference models,Enterprise architecture
589,10010405_2,Enterprise information systems,Enterprise architecture
590,10010405_2,Enterprise computing,Enterprise information systems
591,10010405_2,Enterprise computing infrastructures,Enterprise computing
592,10010405_2,IT architectures,Enterprise architecture
593,10010405_2,Service-oriented architectures,IT architectures
594,10010405_2,Event-driven architectures,IT architectures
595,10010405_2,Enterprise application integration,IT architectures
596,10010405_2,Business process management,Enterprise architecture
597,10010405_2,Business process modeling,Business process management
598,10010405_2,Business process monitoring,Business process management
599,10010405_2,Business process management systems,Business process management
600,10010405_2,Business rules,Business process management
601,10010405_2,Information integration and interoperability,Enterprise architecture
602,10010405_2,Enterprise data management,Information integration and interoperability
603,10010405_2,"Enterprise ontologies, taxonomies and vocabularies",Information integration and interoperability
604,10010405_2,Cross-organizational business processes,Enterprise architecture
605,10010405_2,Enterprise interoperability,Cross-organizational business processes
606,10010405_2,Business intelligence,Enterprise architecture
607,10010405_2,Business-IT alignment,Business intelligence
608,10010405_2,IT governance,Enterprise architecture
609,10010405_3,Physics,Physical sciences and engineering
610,10010405_3,Chemistry,Physical sciences and engineering
611,10010405_3,Earth and atmospheric sciences,Physical sciences and engineering
612,10010405_3,Astronomy,Physical sciences and engineering
613,10010405_3,Mathematics and statistics,Physical sciences and engineering
614,10010405_3,Engineering,Physical sciences and engineering
615,10010405_3,Aerospace,Engineering
616,10010405_3,Avionics,Aerospace
617,10010405_3,Computer-aided design,Engineering
618,10010405_3,Electronics,Engineering
619,10010405_3,Telecommunications,Engineering
620,10010405_3,Internet telephony,Telecommunications
621,10010405_3,Environmental sciences,Physical sciences and engineering
622,10010405_3,Archaeology,Physical sciences and engineering
623,10010405_4,Bioinformatics,Life and medical sciences
624,10010405_4,Genomics,Bioinformatics
625,10010405_4,Proteomics,Bioinformatics
626,10010405_4,Molecular sequence analysis,Bioinformatics
627,10010405_4,Computational biology,Bioinformatics
628,10010405_4,Computational genomics,Genomics
629,10010405_4,Computational proteomics,Proteomics
630,10010405_4,Computational transcriptomics,Transcriptomics
631,10010405_4,Molecular evolution,Bioinformatics
632,10010405_4,Molecular structural biology,Bioinformatics
633,10010405_4,Population genetics,Bioinformatics
634,10010405_4,Systems biology,Life and medical sciences
635,10010405_4,Biological networks,Systems biology
636,10010405_4,Health informatics,Life and medical sciences
637,10010405_4,Health care information systems,Health informatics
638,10010405_4,Consumer health,Health informatics
639,10010405_4,Genetics,Life and medical sciences
640,10010405_4,Recognition of genes and regulatory elements,Genetics
641,10010405_4,Imaging,Life and medical sciences
642,10010405_4,Transcriptomics,Bioinformatics
643,10010405_4,Metabolomics / metabonomics,Bioinformatics
644,10010405_4,Sequencing and genotyping technologies,Bioinformatics
645,10010405_5,Psychology,social and behavioral sciences
646,10010405_5,Sociology,social and behavioral sciences
647,10010405_5,Anthropology,social and behavioral sciences
648,10010405_5,Ethnography,Anthropology
649,10010405_5,Law,social and behavioral sciences
650,10010405_5,Economics,social and behavioral sciences
651,10010405_6,Investigation techniques,Computer forensics
652,10010405_6,System forensics,Computer forensics
653,10010405_6,Network forensics,Computer forensics
654,10010405_6,"Evidence collection, storage, and analysis",Computer forensics
655,10010405_6,Data recovery,"Evidence collection, storage, and analysis"
656,10010405_6,Surveillance mechanisms,Investigation techniques
657,10010405_7,Fine arts,Arts and humanities
658,10010405_7,Performing arts,Arts and humanities
659,10010405_7,Media arts,Fine arts
660,10010405_7,Sound and music computing,Performing arts
661,10010405_7,Architecture (buildings),Fine arts
662,10010405_7,Computer-aided design,Architecture (buildings)
663,10010405_7,Language translation,Arts and humanities
664,10010405_8,E-government,Computing in government
665,10010405_8,Voting / election technologies,Computing in government
666,10010405_8,Digital libraries and archives,Computing in government
667,10010405_8,Personal computers and PC applications,Computing in government
668,10010405_8,Spreadsheets,Personal computers and PC applications
669,10010405_8,Word processors,Personal computers and PC applications
670,10010405_8,Microcomputers,Personal computers and PC applications
671,10010405_8,Computers in other domains,Computing in government
672,10010405_8,Cartography,Computers in other domains
673,10010405_8,Military,Computers in other domains
674,10010405_8,Computer games,Computers in other domains
675,10010405_8,Agriculture,Computers in other domains
676,10010405_8,Cyberwarfare,Military
677,10010405_9,Operations research,Industry and manufacturing
678,10010405_9,Supply chain management,Operations research
679,10010405_9,Transportation,Supply chain management
680,10010405_9,Decision analysis,Operations research
681,10010405_9,Multi-criterion optimization and decision-making,Operations research
682,10010405_9,Command and control,Industry and manufacturing
683,10010405_9,Computer-aided manufacturing,Command and control
684,10010405_9,Marketing,Industry and manufacturing
685,10010405_9,Forecasting,Industry and manufacturing
686,10010405_9,Consumer products,Industry and manufacturing
687,10010583_1,Electromagnetic interference and compatibility,Printed circuit boards
688,10010583_1,PCB design and layout,Printed circuit boards
689,10010583_10,Emerging architectures,Emerging technologies
690,10010583_10,Quantum computation,Emerging architectures
691,10010583_10,Reversible logic,Emerging architectures
692,10010583_10,Neural systems,Emerging architectures
693,10010583_10,Emerging optical and photonic technologies,Emerging technologies
694,10010583_10,Plasmonics,Emerging optical and photonic technologies
695,10010583_10,Quantum dots and cellular automata,Emerging optical and photonic technologies
696,10010583_10,Nanoelectromechanical systems,Emerging technologies
697,10010583_10,Microelectromechanical systems,Emerging technologies
698,10010583_10,Electromechanical systems,Emerging technologies
699,10010583_10,Quantum technologies,Emerging technologies
700,10010583_10,Quantum error correction and fault tolerance,Quantum technologies
701,10010583_10,Quantum communication and cryptography,Quantum technologies
702,10010583_10,Superconducting circuits,Quantum technologies
703,10010583_10,Emerging tools and methodologies,Emerging technologies
704,10010583_10,Emerging simulation,Emerging tools and methodologies
705,10010583_10,Emerging languages and compilers,Emerging tools and methodologies
706,10010583_10,Analysis and design of emerging devices and systems,Emerging tools and methodologies
707,10010583_10,Emerging interfaces,Emerging technologies
708,10010583_10,Bio-embedded electronics,Emerging technologies
709,10010583_10,Biology-related information processing,Emerging technologies
710,10010583_10,Spintronics and magnetic technologies,Emerging technologies
711,10010583_10,Tunneling devices,Emerging technologies
712,10010583_10,Single electron devices,Emerging technologies
713,10010583_10,Carbon based electronics,Emerging technologies
714,10010583_10,III-V compounds,Emerging technologies
715,10010583_10,Memory and dense storage,Emerging technologies
716,10010583_2,Digital signal processing,Signal processing systems
717,10010583_2,Displays and imagers,Signal processing systems
718,10010583_2,Touch screens,Displays and imagers
719,10010583_2,Haptic devices,Displays and imagers
720,10010583_2,Tactile and hand-based interfaces,Displays and imagers
721,10010583_2,"Communication hardware, interfaces and storage",Signal processing systems
722,10010583_2,Buses and high-speed links,"Communication hardware, interfaces and storage"
723,10010583_2,External storage,"Communication hardware, interfaces and storage"
724,10010583_2,Sensor devices and platforms,Signal processing systems
725,10010583_2,Sensors and actuators,Sensor devices and platforms
726,10010583_2,Wireless integrated network sensors,Sensor devices and platforms
727,10010583_2,Sensor applications and deployments,Sensor devices and platforms
728,10010583_2,Networking hardware,Signal processing systems
729,10010583_2,Wireless devices,Networking hardware
730,10010583_2,Scanners,Networking hardware
731,10010583_2,Printers,Signal processing systems
732,10010583_2,Electro-mechanical devices,Signal processing systems
733,10010583_2,Beamforming,Signal processing systems
734,10010583_2,Noise reduction,Signal processing systems
735,10010583_2,Sound-based input / output,Signal processing systems
736,10010583_3,Semiconductor memory,Integrated circuits
737,10010583_3,Static memory,Semiconductor memory
738,10010583_3,Dynamic memory,Semiconductor memory
739,10010583_3,Non-volatile memory,Semiconductor memory
740,10010583_3,Read-only memory,Semiconductor memory
741,10010583_3,Reconfigurable logic and FPGAs,Integrated circuits
742,10010583_3,Reconfigurable logic applications,Reconfigurable logic and FPGAs
743,10010583_3,Programmable logic elements,Reconfigurable logic and FPGAs
744,10010583_3,Logic circuits,Integrated circuits
745,10010583_3,Logic families,Logic circuits
746,10010583_3,Combinational circuits,Logic circuits
747,10010583_3,Sequential circuits,Logic circuits
748,10010583_3,Finite state machines,Sequential circuits
749,10010583_3,Arithmetic and datapath circuits,Logic circuits
750,10010583_3,Digital switches,Arithmetic and datapath circuits
751,10010583_3,Transistors,Integrated circuits
752,10010583_3,Interconnect,Integrated circuits
753,10010583_3,Metallic interconnect,Interconnect
754,10010583_3,Photonic and optical interconnect,Interconnect
755,10010583_3,Programmable interconnect,Interconnect
756,10010583_3,Radio frequency and wireless interconnect,Interconnect
757,10010583_3,Input / output circuits,Integrated circuits
758,10010583_3,High-speed input / output,Input / output circuits
759,10010583_3,Asynchronous circuits,Integrated circuits
760,10010583_3,Design modules and hierarchy,Integrated circuits
761,10010583_3,3D integrated circuits,Integrated circuits
762,10010583_3,Hardware accelerators,Integrated circuits
763,10010583_3,Evolvable hardware,Integrated circuits
764,10010583_4,Design rules,VLSI design
765,10010583_4,Economics of chip design and manufacturing,VLSI design
766,10010583_4,VLSI system specification and constraints,VLSI design
767,10010583_4,VLSI design manufacturing considerations,VLSI design
768,10010583_4,Analog and mixed-signal circuits,VLSI design
769,10010583_4,Analog and mixed-signal circuit synthesis,Analog and mixed-signal circuits
770,10010583_4,Analog and mixed-signal circuit optimization,Analog and mixed-signal circuits
771,10010583_4,Full-custom circuits,Analog and mixed-signal circuits
772,10010583_4,Application specific instruction set processors,VLSI design
773,10010583_4,Application specific integrated circuits,VLSI design
774,10010583_4,Application specific processors,VLSI design
775,10010583_4,Application-specific VLSI designs,VLSI design
776,10010583_4,Hard and soft IP,VLSI design
777,10010583_4,Design reuse and communication-based design,VLSI design
778,10010583_4,Platform-based design,VLSI design
779,10010583_4,System on a chip,VLSI design
780,10010583_4,Multi-chip modules,VLSI design
781,10010583_4,VLSI packaging,VLSI design
782,10010583_4,Die and wafer stacking,VLSI packaging
783,10010583_4,3D integrated circuits,VLSI packaging
784,10010583_4,Package-level interconnect,VLSI packaging
785,10010583_4,Wireline communication,VLSI design
786,10010583_4,Radio frequency and wireless circuits,Wireline communication
787,10010583_4,Network on chip,Wireline communication
788,10010583_4,Input / output styles,Network on chip
789,10010583_4,On-chip sensors,VLSI design
790,10010583_4,On-chip resource management,On-chip sensors
791,10010583_4,Clock generation and timing,On-chip resource management
792,10010583_4,Standard cell libraries,Clock generation and timing
793,10010583_5,Energy generation and storage,Power and energy
794,10010583_5,Fuel-based energy,Energy generation and storage
795,10010583_5,Renewable energy,Energy generation and storage
796,10010583_5,Reusable energy storage,Energy generation and storage
797,10010583_5,Power conversion,Power and energy
798,10010583_5,Power networks,Power and energy
799,10010583_5,Energy distribution,Power and energy
800,10010583_5,Energy metering,Power and energy
801,10010583_5,Power estimation and optimization,Power and energy
802,10010583_5,Power estimation,Power estimation and optimization
803,10010583_5,Power optimization,Power estimation and optimization
804,10010583_5,Platform power issues,Power estimation and optimization
805,10010583_5,Chip-level power issues,Power estimation and optimization
806,10010583_5,Interconnect power issues,Power estimation and optimization
807,10010583_5,Switching devices power issues,Power estimation and optimization
808,10010583_5,Circuits power issues,Power estimation and optimization
809,10010583_5,Thermal issues,Power and energy
810,10010583_5,Temperature optimization,Thermal issues
811,10010583_5,Temperature simulation and estimation,Thermal issues
812,10010583_5,Temperature monitoring,Thermal issues
813,10010583_5,Temperature control,Thermal issues
814,10010583_5,Impact on the environment,Power and energy
815,10010583_5,Smart grid,Power and energy
816,10010583_5,Enterprise level and data centers power issues,Power and energy
817,10010583_5,Batteries,Power and energy
818,10010583_6,Methodologies for EDA,Electronic design automation
819,10010583_6,Software tools for EDA,Electronic design automation
820,10010583_6,Design databases for EDA,Electronic design automation
821,10010583_6,Hardware description languages and compilation,Electronic design automation
822,10010583_6,High-level and register-transfer level synthesis,Electronic design automation
823,10010583_6,Logic synthesis,High-level and register-transfer level synthesis
824,10010583_6,Technology-mapping,Logic synthesis
825,10010583_6,Transistor-level synthesis,Electronic design automation
826,10010583_6,Sequential synthesis,Electronic design automation
827,10010583_6,Combinational synthesis,Electronic design automation
828,10010583_6,Datapath optimization,Logic synthesis
829,10010583_6,Circuit optimization,Electronic design automation
830,10010583_6,Model-order reduction,Circuit optimization
831,10010583_6,Compact delay models,Timing analysis
832,10010583_6,Timing analysis,Electronic design automation
833,10010583_6,Static timing analysis,Timing analysis
834,10010583_6,Statistical timing analysis,Timing analysis
835,10010583_6,Transition-based timing analysis,Timing analysis
836,10010583_6,Physical design (EDA),Electronic design automation
837,10010583_6,Floorplanning,Physical design (EDA)
838,10010583_6,Partitioning,Physical design (EDA)
839,10010583_6,Placement,Physical design (EDA)
840,10010583_6,Wire routing,Physical design (EDA)
841,10010583_6,Clock-network synthesis,Physical design (EDA)
842,10010583_6,Power grid design,Physical design (EDA)
843,10010583_6,Packaging,Electronic design automation
844,10010583_6,Operations scheduling,Electronic design automation
845,10010583_6,Resource binding and sharing,Electronic design automation
846,10010583_6,Hardware-software codesign,Electronic design automation
847,10010583_6,Best practices for EDA,Electronic design automation
848,10010583_6,Modeling and parameter extraction,Electronic design automation
849,10010583_7,Functional verification,Hardware validation
850,10010583_7,Simulation and emulation,Functional verification
851,10010583_7,Model checking,Functional verification
852,10010583_7,Equivalence checking,Functional verification
853,10010583_7,Theorem proving and SAT solving,Functional verification
854,10010583_7,Assertion checking,Functional verification
855,10010583_7,Semi-formal verification,Functional verification
856,10010583_7,Physical verification,Hardware validation
857,10010583_7,Design rule checking,Physical verification
858,10010583_7,Layout-versus-schematics,Physical verification
859,10010583_7,Timing analysis and sign-off,Hardware validation
860,10010583_7,Power and thermal analysis,Hardware validation
861,10010583_7,"Bug detection, localization and diagnosis",Hardware validation
862,10010583_7,Coverage metrics,Hardware validation
863,10010583_7,Bug fixing (hardware),Hardware validation
864,10010583_7,Design for debug,Hardware validation
865,10010583_7,Transaction-level verification,Hardware validation
866,10010583_7,Post-manufacture validation and debug,Hardware validation
867,10010583_8,Design for testability,Hardware test
868,10010583_8,Built-in self-test,Hardware test
869,10010583_8,Online test and diagnostics,Hardware test
870,10010583_8,Fault models and test metrics,Hardware test
871,10010583_8,Test-pattern generation and fault simulation,Fault models and test metrics
872,10010583_8,Defect-based test,Hardware test
873,10010583_8,Memory test and repair,Hardware test
874,10010583_8,Board- and system-level test,Hardware test
875,10010583_8,Testing with distributed and parallel systems,Hardware test
876,10010583_8,Hardware reliability screening,Hardware test
877,10010583_8,"Analog, mixed-signal and radio frequency test",Hardware test
878,10010583_8,Test data compression,Hardware test
879,10010583_9,Yield and cost modeling,Hardware reliability
880,10010583_9,"Process, voltage and temperature variations",Hardware reliability
881,10010583_9,Aging of circuits and systems,Hardware reliability
882,10010583_9,Signal integrity and noise analysis,Hardware reliability
883,10010583_9,Failure prediction,Hardware reliability
884,10010583_9,Self-checking mechanisms,Hardware reliability
885,10010583_9,Transient errors and upsets,Hardware reliability
886,10010583_9,Yield and cost optimization,Hardware reliability
887,10010583_9,Process variations,Hardware reliability
888,10010583_9,Early-life failures and infant mortality,Hardware reliability
889,10010583_9,System-level fault tolerance,Hardware reliability
890,10010583_9,Circuit hardening,Hardware reliability
891,10010583_9,"Failure recovery, maintenance and self-repair",Hardware reliability
892,10010583_9,Safety critical systems,Hardware reliability
893,10010583_9,Error detection and error correction,Hardware reliability
894,10010583_9,Robustness,Hardware reliability
895,10010583_9,Design for manufacturability,Hardware reliability
896,10010583_9,Fault tolerance,Hardware reliability
897,10010583_9,Redundancy,Hardware reliability
898,10011007_3,Software development methods,Software creation and management
899,10011007_3,Designing software,Software development methods
900,10011007_3,Software development techniques,Software development methods
901,10011007_3,Software design techniques,Software development methods
902,10011007_3,Software testing and debugging,Software development methods
903,10011007_3,Software development process management,Software development methods
904,10011007_3,Risk management,Software development methods
905,10011007_3,Error handling and recovery,Software development methods
906,10011007_3,Software verification and validation,Software creation and management
907,10011007_3,Software evolution,Software creation and management
908,10011007_3,Collaboration in software development,Software creation and management
909,10011007_3,Maintaining software,Software creation and management
910,10011007_3,Open source model,Software creation and management
911,10011007_3,Capability Maturity Model,Software development methods
912,10011007_3,Reusability,Software development methods
913,10011007_3,Traceability,Software development methods
914,10011007_3,Operational analysis,Software development methods
915,10011007_3,Software product lines,Software creation and management
